{"stats":{"minecraft:picked_up":{"minecraft:cooked_beef":405,"minecraft:diamond_sword":6,"minecraft:potion":4,"minecraft:bedrock":121,"minecraft:gunpowder":1150,"minecraft:white_banner":205,"minecraft:iron_axe":21,"minecraft:bone":1858,"minecraft:diamond_leggings":6,"minecraft:gold_nugget":298,"minecraft:comparator":2,"minecraft:redstone_torch":8,"minecraft:glowstone_dust":161,"minecraft:diamond_helmet":6,"minecraft:glass_bottle":141,"minecraft:stick":167,"minecraft:redstone":154,"minecraft:spider_eye":207,"minecraft:diamond_chestplate":5,"minecraft:rotten_flesh":41,"minecraft:sugar":157,"minecraft:red_sandstone_slab":4,"minecraft:diamond_boots":6,"minecraft:crossbow":48,"minecraft:emerald":495,"minecraft:totem_of_undying":138},"minecraft:custom":{"minecraft:mob_kills":67062,"minecraft:inspect_hopper":65,"minecraft:tune_noteblock":2,"minecraft:raid_trigger":1279,"minecraft:leave_game":2,"minecraft:time_since_death":153563,"minecraft:damage_resisted":93,"minecraft:time_since_rest":153592,"minecraft:sprint_one_cm":16069,"minecraft:damage_taken":868,"minecraft:walk_one_cm":33417,"minecraft:drop":106,"minecraft:damage_dealt":600,"minecraft:interact_with_beacon":8,"minecraft:swim_one_cm":1830,"minecraft:fly_one_cm":787744,"minecraft:raid_win":559,"minecraft:open_chest":48,"minecraft:crouch_one_cm":12751,"minecraft:play_time":190111,"minecraft:deaths":2,"minecraft:sneak_time":18149,"minecraft:walk_under_water_one_cm":40973,"minecraft:boat_one_cm":758,"minecraft:jump":172,"minecraft:walk_on_water_one_cm":5466,"minecraft:total_world_time":198447},"minecraft:dropped":{"minecraft:water_bucket":2,"minecraft:smooth_stone_slab":1,"minecraft:crossbow":4,"minecraft:glowstone_dust":13,"minecraft:red_sandstone_slab":52,"minecraft:bedrock":4,"minecraft:totem_of_undying":59,"minecraft:stick":64,"minecraft:emerald":119,"minecraft:gunpowder":256,"minecraft:ice":1,"minecraft:iron_trapdoor":1,"minecraft:hopper":1,"minecraft:chest":1,"minecraft:potion":2,"minecraft:iron_axe":1,"minecraft:arrow":41,"minecraft:sugar":64,"minecraft:stone_brick_stairs":1,"minecraft:white_stained_glass":2,"minecraft:gold_ingot":41},"minecraft:killed":{"minecraft:evoker":5906,"minecraft:vex":3,"minecraft:witch":6287,"minecraft:vindicator":23667,"minecraft:pillager":31069,"minecraft:villager":1},"minecraft:used":{"minecraft:light_blue_stained_glass_pane":3,"minecraft:water_bucket":10,"minecraft:flint_and_steel":1,"minecraft:birch_leaves":23,"minecraft:red_stained_glass":21,"minecraft:armor_stand":2,"minecraft:redstone":44,"minecraft:cactus":2,"minecraft:chest":117,"minecraft:ender_chest":1,"minecraft:redstone_block":3,"minecraft:composter":46,"minecraft:white_wool":40,"minecraft:torch":1,"minecraft:sand":2,"minecraft:soul_sand":1,"minecraft:comparator":24,"minecraft:hopper":95,"minecraft:cobblestone_wall":67,"minecraft:birch_sign":6,"minecraft:note_block":9,"minecraft:cake":3,"minecraft:obsidian":21,"minecraft:redstone_torch":54,"minecraft:sticky_piston":46,"minecraft:glass":7,"minecraft:piston":1,"minecraft:lever":4,"minecraft:packed_ice":2,"minecraft:lava_bucket":1,"minecraft:villager_spawn_egg":24,"minecraft:grass_block":9,"minecraft:slime_block":22,"minecraft:stone_brick_stairs":19,"minecraft:glowstone":2,"minecraft:birch_trapdoor":10,"minecraft:diamond_sword":4508,"minecraft:redstone_lamp":2,"minecraft:iron_trapdoor":15,"minecraft:white_stained_glass":331,"minecraft:oak_boat":1,"minecraft:ice":13,"minecraft:smooth_stone_slab":251,"minecraft:observer":14,"minecraft:smooth_stone":87}},"DataVersion":3120}